Workbook

Sheet Instructions
A1: Cost Test Case — Results Log: คำแนะนำการใช้งาน
A4: วัตถุประสงค์ไฟล์นี้ | B4: ใช้บันทึกผลการทดลองเปรียบเทียบอัตราการเพิ่มค่าใช้จ่าย (Cost) ระหว่าง AWS และ GCP ตามแผนที่อธิบายไว้ใน Cost_Test_Case_Protocol.docx
A6: แท็บ Test Log | B6: กรอกผลดิบของแต่ละการทดลอง มี 6 แถวเตรียมไว้ให้ (3 Test Case x 2 Cloud) — กรอกเฉพาะช่องพื้นหลังสีเหลือง เท่านั้น ช่องอื่นคำนวณอัตโนมัติ
A8: แท็บ Comparison Summary | B8: สรุปเปรียบเทียบ AWS vs GCP อัตโนมัติด้วยสูตร (ดึงจากแท็บ Test Log) ไม่ต้องกรอกอะไรเพิ่ม
A10: สีที่ใช้ในไฟล์
B12: พื้นหลังสีเหลืองอ่อน = ช่องที่ต้องกรอกเอง (Input)
B13: พื้นหลังสีเทาอ่อน = คำนวณอัตโนมัติด้วยสูตร ห้ามแก้
B14: แถวสีเทาเข้ม (EXAMPLE) = แถวตัวอย่างสาธิตการกรอก ไม่ใช่ข้อมูลจริง

Sheet Test Log
A1: Test Log — บันทึกผลดิบของแต่ละการทดลอง
A3: Test ID | B3: Test Type | C3: Cloud | D3: Resource | E3: Action Description | F3: Baseline Cost (USD) | G3: Start Timestamp (Action เริ่ม) | H3: End Timestamp (Revert เสร็จ) | I3: Duration (hr) | J3: Post-Action Cost Observed (USD) | K3: Cost Delta (USD) | L3: First Change Detected (Timestamp) | M3: Detection Latency (hr) | N3: Notes
A4: EXAMPLE | B4: Compute | C4: AWS | D4: ec2-target-01 (ตัวอย่าง) | E4: Resize t2.micro -> t3.small เป็นเวลา 1 ชม. แล้ว Revert กลับ | F4: 0 | G4: 2026-08-10 14:00 | H4: 2026-08-10 15:00 | I4: =IF(OR(G4="",H4=""),"",(H4-G4)*24) -> 1 | J4: 0.021 | K4: =IF(OR(F4="",J4=""),"",J4-F4) -> 0.021 | L4: 2026-08-11 01:15 | M4: =IF(OR(G4="",L4=""),"",(L4-G4)*24) -> 11.25 | N4: แถวนี้เป็นตัวอย่างสาธิตการกรอกเท่านั้น ไม่ใช่ข้อมูลจริง
A5: TC-01 | B5: Compute | C5: AWS | D5: ec2-target-01 | I5: =IF(OR(G5="",H5=""),"",(H5-G5)*24) | K5: =IF(OR(F5="",J5=""),"",J5-F5) | M5: =IF(OR(G5="",L5=""),"",(L5-G5)*24)
A6: TC-02 | B6: Compute | C6: GCP | D6: gcp-target-01 | I6: =IF(OR(G6="",H6=""),"",(H6-G6)*24) | K6: =IF(OR(F6="",J6=""),"",J6-F6) | M6: =IF(OR(G6="",L6=""),"",(L6-G6)*24)
A7: TC-03 | B7: Storage | C7: AWS | D7: ec2-target-01 | I7: =IF(OR(G7="",H7=""),"",(H7-G7)*24) | K7: =IF(OR(F7="",J7=""),"",J7-F7) | M7: =IF(OR(G7="",L7=""),"",(L7-G7)*24)
A8: TC-04 | B8: Storage | C8: GCP | D8: gcp-target-01 | I8: =IF(OR(G8="",H8=""),"",(H8-G8)*24) | K8: =IF(OR(F8="",J8=""),"",J8-F8) | M8: =IF(OR(G8="",L8=""),"",(L8-G8)*24)
A9: TC-05 | B9: Network | C9: AWS | D9: ec2-target-01 | I9: =IF(OR(G9="",H9=""),"",(H9-G9)*24) | K9: =IF(OR(F9="",J9=""),"",J9-F9) | M9: =IF(OR(G9="",L9=""),"",(L9-G9)*24)
A10: TC-06 | B10: Network | C10: GCP | D10: gcp-target-01 | I10: =IF(OR(G10="",H10=""),"",(H10-G10)*24) | K10: =IF(OR(F10="",J10=""),"",J10-F10) | M10: =IF(OR(G10="",L10=""),"",(L10-G10)*24)

Sheet Comparison Summary
A1: Comparison Summary — สรุปเปรียบเทียบ AWS vs GCP (คำนวณอัตโนมัติ)
A3: Test Type | B3: AWS Cost Delta (USD) | C3: GCP Cost Delta (USD) | D3: Cost Delta ต่างกัน (USD) | E3: AWS Detection Latency (hr) | F3: GCP Detection Latency (hr)
A4: Compute | B4: =IFERROR(AVERAGEIFS('Test Log'!$K$5:$K$10,'Test Log'!$B$5:$B$10,$A4,'Test Log'!$C$5:$C$10,"AWS"),"") | C4: =IFERROR(AVERAGEIFS('Test Log'!$K$5:$K$10,'Test Log'!$B$5:$B$10,$A4,'Test Log'!$C$5:$C$10,"GCP"),"") | D4: =IFERROR(B4-C4,"") | E4: =IFERROR(AVERAGEIFS('Test Log'!$M$5:$M$10,'Test Log'!$B$5:$B$10,$A4,'Test Log'!$C$5:$C$10,"AWS"),"") | F4: =IFERROR(AVERAGEIFS('Test Log'!$M$5:$M$10,'Test Log'!$B$5:$B$10,$A4,'Test Log'!$C$5:$C$10,"GCP"),"")
A5: Storage | B5: =IFERROR(AVERAGEIFS('Test Log'!$K$5:$K$10,'Test Log'!$B$5:$B$10,$A5,'Test Log'!$C$5:$C$10,"AWS"),"") | C5: =IFERROR(AVERAGEIFS('Test Log'!$K$5:$K$10,'Test Log'!$B$5:$B$10,$A5,'Test Log'!$C$5:$C$10,"GCP"),"") | D5: =IFERROR(B5-C5,"") | E5: =IFERROR(AVERAGEIFS('Test Log'!$M$5:$M$10,'Test Log'!$B$5:$B$10,$A5,'Test Log'!$C$5:$C$10,"AWS"),"") | F5: =IFERROR(AVERAGEIFS('Test Log'!$M$5:$M$10,'Test Log'!$B$5:$B$10,$A5,'Test Log'!$C$5:$C$10,"GCP"),"")
A6: Network | B6: =IFERROR(AVERAGEIFS('Test Log'!$K$5:$K$10,'Test Log'!$B$5:$B$10,$A6,'Test Log'!$C$5:$C$10,"AWS"),"") | C6: =IFERROR(AVERAGEIFS('Test Log'!$K$5:$K$10,'Test Log'!$B$5:$B$10,$A6,'Test Log'!$C$5:$C$10,"GCP"),"") | D6: =IFERROR(B6-C6,"") | E6: =IFERROR(AVERAGEIFS('Test Log'!$M$5:$M$10,'Test Log'!$B$5:$B$10,$A6,'Test Log'!$C$5:$C$10,"AWS"),"") | F6: =IFERROR(AVERAGEIFS('Test Log'!$M$5:$M$10,'Test Log'!$B$5:$B$10,$A6,'Test Log'!$C$5:$C$10,"GCP"),"")
A8: หมายเหตุ: | B8: ตารางนี้คำนวณจากแท็บ Test Log อัตโนมัติด้วย AVERAGEIFS — ถ้า Test Type ใดยังไม่มีข้อมูลกรอก ช่องจะแสดงว่างเปล่า ไม่ใช่ Error หลังกรอกข้อมูลใน Test Log ครบ ตารางนี้จะอัปเดตให้เองทันที
